email,subject,message
xattetteppace-7779@yopmail.com,new csv,rgeryetge3gt53y3645ygfgdb
,,
xattetteppace-7779@yopmail.com,new csv,rgeryetge3gt53y3645ygfgdb
,,
xattetteppace-7779@yopmail.com,new csv,rgeryetge3gt53y3645ygfgdb
,,
xattetteppace-7779@yopmail.com,new csv,rgeryetge3gt53y3645ygfgdb
,,
xattetteppace-7779@yopmail.com,new csv,rgeryetge3gt53y3645ygfgdb
,,
xattetteppace-7779@yopmail.com,new csv,rgeryetge3gt53y3645ygfgdb
xattetteppace-7779@yopmail.com,new csv,rgeryetge3gt53y3645ygfgdb
xattetteppace-7779@yopmail.com,new csv,rgeryetge3gt53y3645ygfgdb
xattetteppace-7779@yopmail.com,sdfgdgdf,ghdghfghf
prince@pappu.com,Check,Hi this is just chevcklist for hosting
xattetteppace-7779@yopmail.com,Hey this is 23 oct,today my new phone is arrivig
